url_path,views_total,views_unique
/jgehrcke/gipc,13,10
/jgehrcke/gipc/blob/master/gipc/gipc.py,9,5
/jgehrcke/gipc/tree/master/examples,6,3
/jgehrcke/gipc/search,4,1
/jgehrcke/gipc/blob/master/examples/wsgimultiprocessing.py,3,2
/jgehrcke/gipc/tree/master/gipc,3,2
/jgehrcke/gipc/blob/master/CHANGELOG.rst,3,1
/jgehrcke/gipc/blob/6d449a19b4d1bd4fcb4320e2c0fedbbe262a853a/gipc/gipc.py,2,1
/jgehrcke/gipc/blob/master/examples/serverclient.py,1,1
/jgehrcke/gipc/blob/master/examples/synchronization.py,1,1
